,X,Coauthor,Paper,Journal,AuthorID,PaperNO,PaperID,Author
1,1,EijiShinohara HiroakiMatsumura HiroshiSunaga MichiharuTakemoto,The Ubiquitous Service-Oriented Network USON - An Approach for a Ubiquitous World Based on P P Technology ,Peer to Peer Computing,10,1,1,KTanaka
2,2,ChoongSeonHong ShinkuroHonda TakeshiYoneda YutakaMatsushita,Multimedia Communication Networking Architecture Model for High Speed Network ,LCN IEEE Conference Local Computer Networks,10,2,2,KTanaka
3,3,MYoshikawa KIshihara KTanaka,"Schema Design, Views and Incomplete Information in Object-oriented Databases,", English Trans of IPSJ,1,103,3,KTanaka
4,4,KanameHarumoto KeishiTajima MasahikoTsukamoto MasatoshiArikawa ShinjiShimojo ShojiroNishio YasuoAriki,An Advanced Processing Environment for Managing the Continuous and Semistructured Features of Multimedia Content ,ADBIS Advances Databases and Information Systems DASFAA Database Systems for Advanced Applications,1,16,4,KTanaka
5,5,MYoshikawa KIshihara KTanaka,"Schema Virtualization in Object-Oriented Databases,",Proc of the th IEEE Int Conf Data Engineering,1,104,5,KTanaka
6,6,KenjiHatano RyouichiSano YiweiDuan,An Interactive Classification of Web Documents by Self-Organizing Maps and Search Engines ,DASFAA Database Systems for Advanced Applications,1,17,6,KTanaka
7,7,MYoshikawa KTanaka,"Towards Abstracting Complex Database Objects: Generalization, Reduction and Unification of Set-type Objects Extended Abstract ,",Proc Int Conf Database Theory Lecture Notes Computer Science Springer Verlag,1,105,7,KTanaka
8,8,AkiyoNadamoto KazutoshiSumiya MasakiShikata,MWM: Retrieval and Automatic Presentation of Manual Data for Mobile Terminals ,DEXA Database and Expert Systems Applications,1,50,8,KTanaka
9,9,KenjiHatano QingQian,A SOM-Based Information Organizer for Text and Video Data ,DASFAA Database Systems for Advanced Applications,1,18,9,KTanaka
10,10,KojiZettsu YutakaKidawara,Image Retrieval by Web Context: Filling the Gap between Image Keywords and Usage Keywords ,DEXA Database and Expert Systems Applications,1,106,10,KTanaka
11,11,AkiyoNadamoto HiroyukiKondo,WebCarrousel: Restructuring Web Search Results for Passive Viewing in Mobile Environments ,DASFAA Database Systems for Advanced Applications,1,51,11,KTanaka
12,12,TatsuoHirose ToshihikoHata YNakanishi,Querying Multiple Perspective Video by Camera Metaphor ,DASFAA Database Systems for Advanced Applications,1,19,12,KTanaka
13,13,KojiZettsu KuniakiUehara,Semantic Structures for Video Data Indexing ,AMCP Advanced Multimedia Content Processing,1,107,13,KTanaka
14,14,AkiyoNadamoto HiroyukiKondo,WebCarousel: Automatic Presentation and Semantic Restructuring of Web Search Result for Mobile Environments ,DEXA Database and Expert Systems Applications,1,52,14,KTanaka
15,15,KohjiZettsu KuniakiUehara NobuoKimura,A Time-Stamped Authoring Graph for Video Databases ,DEXA Database and Expert Systems Applications,1,108,15,KTanaka
16,16,AkiyoNadamoto KengoKoiso,Associating and Presenting Metadata of Digital Archive Objects in Virtual Spaces as Synchronized Multimedia Content ,Kyoto International Conference Digital Libraries,1,53,16,KTanaka
17,17,AkiyoNadamoto AtsushiIizawa KazutoshiSumiya TaekoHattori TakakoHashimoto YukariShirota,A TV Program Generation System using Digest of Video Scenes and a Scripting Markup Language ,HICSS INTERNATIONAL CONFERENCE SYSTEM SCIENCES,1,54,17,KTanaka
18,18,KNanba NNishikawa SHirayama,Query Pairs as Hypertext Links ,ICDE International Conference Data Engineering,1,55,18,KTanaka
19,19,NNishikawa SHirayama KNanba KTanaka,Query Pairs As Hypertext Links,Proc of the th Int Conf Data Engineering IEEE Computer Society,1,56,19,KTanaka
20,20,SNishio KTanaka,"Obase Object Database Model: Towards a More Flexible Object-Oriented Database System,",Proc Int Symp Next Generation Database Systems and Their Applications NDA Fukuoka Cpp,1,57,20,KTanaka
21,21,KTanaka,"Towards an Integrated Environment for Editing, Viewing and Publishing Multimedia Database Objects,",Proc Int Symp Computer World,1,90,21,KTanaka
22,22,EitetsuOhmoto,HistoryChart: A Visual Language for Historical Databases ,DASFAA Database Systems for Advanced Applications,1,58,22,KTanaka
23,23,KTanaka,"Tutorial: Object-Oriented Database,",Int Symp Database Systems for Advanced Applications Seoul Korea,1,91,23,KTanaka
24,24,HiroakiOiso Jun yaMorishita KazuhiroOhtsuki QingQian ShinichiUeshima,Incremental Data Organization for Ancient Document Databases ,DASFAA Database Systems for Advanced Applications,1,59,24,KTanaka
25,25,KuniakiUehara YutakaKidawara,Encapsulating Multimedia Contents and a Copyright Protection Mechanism into Distributed Objects ,DEXA Database and Expert Systems Applications,1,92,25,KTanaka
26,26,ChungLeViet ShuzoYajima YahikoKambayashi,A file organization suitable for relational database operations ,Mathematical Studies of Information Processing,1,93,26,KTanaka
27,27,CLeViet YKambayashi SYajima KTanaka,"A File Organization Suitable for Relational Database Operations,",Lecture Notes Computer Science Springer Verlag,1,94,27,KTanaka
28,28,TakeshiYabe,Similarity Retrieval of Human Motion As Multi-Stream Time Series Data ,DANTE Delivery of Advanced Network Technology to Europe,1,95,28,KTanaka
29,29,Syajima YKambayashi KTanaka,"Bibliographic Information Processing Facilities for Relational Database System ARIS,",Proc th Int Conf System Sciences,1,96,29,KTanaka
30,30,ChikashiYajima YoshihiroNakanishi,Querying Video Data by Spatio-Temporal Relationships of Moving Object Traces ,VDB Visual Database Systems,1,97,30,KTanaka
31,31,ShuzoYajima YahikoKambayashi,Problems of Relational Database Design ,Data Base Design Techniques I,1,98,31,KTanaka
32,32,ShuzoYajima YahikoKambayashi,Organization of quasi-consecutive retrieval files ,Inf Syst,1,99,32,KTanaka
33,33,TatsuoHirose YoshihiroNakanishi,Modeling and Structuring Multiple Perspective Video for Browsing ,ER International Conference Conceptual Modeling the Entity Relationship Approach,1,20,33,KTanaka
34,34,TatsuoHirose ToshihikoHata,Skimming Multiple Perspective Video Using Tempo-Spatial Importance Measures ,VDB Visual Database Systems,1,21,34,KTanaka
35,35,RHull MYoshikawa KTanaka,"Behavior Analysis of Object-Oriented Databases: Method Structure, Execution Trees and Reachability Extended Abstract ,",Proc rd Int Conf Foundations of Data Organizations and Algorithms Lecture Notes Computer Science Springer Verlag,1,22,35,KTanaka
36,36,KozoIshihara MasatoshiYoshikawa,Schema Virtualization in Object-Oriented Databases ,ICDE International Conference Data Engineering,1,23,36,KTanaka
37,37,YKambayashi KTakeda SYajima KTanaka,"Design Problems of Unnormalized Relations Utilizing Semantic Constraints in Relational Databases in Japanese ,",Trans of IPSJ,1,24,37,KTanaka
38,38,YKambayashi KTanaka,"Logical Integration of Locally Independent Relational Databases into a Distributed Database,",Proc th Int Conf Very Large Data Bases Cannes,1,25,38,KTanaka
39,39,YKambayashi KTanaka,"Interference Problems between Relational Queries and Dependency Constraints in Japanese ,",Trans of IPSJ,1,26,39,KTanaka
40,40,YKambayashi SYajima KTanaka,"Problems of Relational Database Design, Lecture Notes in Computer Science ,",Springer Verlag,1,27,40,KTanaka
41,41,HiroakiOiso KeishiTajima MasakiKamiura,Spatial Views and LOD-Based Access Control in VRML-object Databases ,WWCA Worldwide Computing and Its Applications,1,60,41,KTanaka
42,42,YKambayashi SYajima KTanaka,"Properties of Embedded Multivalued Dependencies in Relational Databases,",Trans of IECE E,1,28,42,KTanaka
43,43,EOomoto KTanaka,"Continuous Objects: A Data Model for Multi-Media Databases in Japanese ,", Proc of the JSSST Object Oriented Computing Workshop appeared Object Oriented Computing I Kindai Kagakusha,1,61,43,KTanaka
44,44,YKambayashi SYajima KTanaka,"Organization of Quasi-Consecutive Retrieval Files,",Information Systems Pergamon Press,1,29,44,KTanaka
45,45,EOomoto KTanaka,"Design and Implementation of a Visual Query Language for Historical Databases,",Database Systems for Next generation Applications Advanced Database Research and Development Series World Scientific Publishing,1,62,45,KTanaka
46,46,EOomoto KTanaka,"HistoryChart: A Visual Query language for Historical Databases,",Proc Int Symp Database Systems for Advanced Applications DASFAA Database Systems for Advanced Applications,1,63,46,KTanaka
47,47,EOomoto KTanaka,"OVID: Design and Implementation of a Video-Object Database System,",IEEE Trans Knowledge and Data Engineering,1,64,47,KTanaka
48,48,EitetsuOomoto,Video Database Systems - Recent Trends in Research and Development Activities ,Handbook of Multimedia Information Management,1,65,48,KTanaka
49,49,EOomoto KTanaka,"Propagation-View: An Instance-based Inheritance Mechanism by Parial Order Relationships in Object-Oriented Databases, in Japanese ,",Trans of IPSJ,1,66,49,KTanaka
50,50,SPradhan TJozen KTanaka,"Navigation of an Instance-based Object Database with Dynamic Inheritance Capability,",Proc Int Symp Advanced Database Technologies and Thier Integration ADTI Nara JapanCpp,1,67,50,KTanaka
51,51,QingQian,Two-Level Schemata and Generalized Links for Hypertext Database Models ,Future Databases,1,68,51,KTanaka
52,52,QQiang MTanizaki KTanaka,"Abstraction and Inheritance of HyperLinks in an Object-Oriented Hypertext Database System TextLink/Gem,",Proc Int Symp Advanced Database Technologies and Thier Integration ADTI Nara,1,69,52,KTanaka
53,53,YKambayashi SYajima KTanaka,"A Relational Data Language with Simplified Binary Relation Handling Capability,",Proc rd Int Conf Very Large Data Bases Tokyo,1,30,53,KTanaka
54,54,YKambayashi KTakeda SYajima KTanaka,"Representation of Relations for Database Output Utilizing Data Dependencies,",Proc th Int Conf System Sciences U S A,1,31,54,KTanaka
55,55,YKambayashi SYajima KTanaka,"Use of Abstracted Characteristics of Data in Relational Databases,",Proc IEEE rd Int Computer Software and Applications Conf,1,32,55,KTanaka
56,56,YKambayashi SYajima KTanaka,"Semantic Aspects of Data Dependencies and Their Application to Relational Database Design,",Proc IEEE rd Int Computer Software and Applications Conf,1,33,56,KTanaka
57,57,YKambayashi KTakeda KTanaka,"Synthesis of Unnormallized Relations Incorporating More Meaning,",Information Sciences Elsevier Science Pub Inc,1,34,57,KTanaka
58,58,YahikoKambayashi,Testing of Join Dependency Preserving by a Modified Chase Method ,MFCS Mathematical Foundations of Computer Science,1,35,58,KTanaka
59,59,HiroakiKawagishi KengoKoiso,Dynamic Zone Retrieval and Landmark Computation for Spatial Data ,Digital Cities,1,36,59,KTanaka
60,60,HiroakiKawagishi KengoKoiso TakahiroMatsumoto,InfoLOD and LandMark: Browsing and Retrieving Spatial Data ,CODAS The Second International Symposium Cooperative Database Systems for Advanced Applications,1,37,60,KTanaka
61,61,MaQiang ShinyaMiyazaki,WebSCAN: Discovering and Notifying Important Changes of Web Sites ,DEXA Database and Expert Systems Applications,1,70,61,KTanaka
62,62,HiroakiKawagishi KengoKoiso TakahiroMatsumoto TakehisaMori,InfoLOD and LandMark: Spatial Presentation of Attribute Information and Computing Representative Objects for Spatial Data ,Int J Cooperative Inf Syst,1,38,62,KTanaka
63,63,NSanada KTanaka,"Adding Methods to Relational Database Constructs,",Proc th Annual Int Computer Software and Applications Conf COMPSAC International Computer Software and Applications Conference IEEE Computer Society Press,1,71,63,KTanaka
64,64,SKitamura KTanaka,"Design and Implementation of an Oriental Medicine Expert System, in Japanese ,",Trans of the Institute of Systems Control and Information Engineers,1,39,64,KTanaka
65,65,YoavShoham,A Dynamic Theory of Incentives in Multi-Agent Systems ,IJCAI International Joint Conference Artificial Intelligence,1,72,65,KTanaka
66,66,,Advanced Applications and Future Research Issues of OODBs ,DASFAA Database Systems for Advanced Applications,1,1,66,KTanaka
67,67,YuichiSugiyama YutakaKidawara,A cost model and copyright management for D digital contents using multilevel complex objects ,Systems and Computers,1,73,67,KTanaka
68,68,,Tree-Structured Data Organization with Consecutive Retrieval Property ,FODO Conference Foundations of Data Organization and Algorithms,1,2,68,KTanaka
69,69,KazutoshiSumiya SatoshiOyama ShinsukeNakajima,Context-Dependent Web Bookmarks and Their Usage as Queries ,WISE Web Information Systems Engineering,1,74,69,KTanaka
70,70,,Tea-Time Museum: Croquet As a Browsing and Searching Environment for Digital Libraries ,C,1,3,70,KTanaka
71,71,KazutoshiSumiya ReikoNoda,Hypermedia Broadcasting with Temporal Links ,DEXA Database and Expert Systems Applications,1,75,71,KTanaka
72,72,KTanaka,"Tree-Structured Data Organization with Consecutive Retrieval Property, Data Base File Organization,",Academic Press Proc Conf Consecutive Retrieval Property,1,4,72,KTanaka
73,73,KazutoshiSumiya ReikoNoda,A temporal link mechanism for hypermedia broadcasting ,Systems and Computers,1,76,73,KTanaka
74,74,SCeri Dtsur ,"DOOD' Deductive and Object-Oriented Databases,",Springer verlag,1,5,74,KTanaka
75,75,KeishiTajima MasatsuguKitagawa YoshiakiMizuuchi,"Cut as a Querying Unit for WWW, Netnews, e-mail ",Hypertext,1,77,75,KTanaka
76,76,T SChang KTanaka,Alternative Objects in Object-Oriented Databases,Proc Int Symp Database Systems for Advanced Applications DASFAA Database Systems for Advanced Applications,1,6,76,KTanaka
77,77,KeishiTajima SujeetPradhan TakashiSogo,Algebraic Retrieval of Fragmentarily Indexed Video ,New Generation Comput,1,78,77,KTanaka
78,78,T SChang KTanaka,"On Natural Joins in Object-Oriented Databases,",Proc st Int Conf Deductive and Object Oriented Databases DOOD Elsevier Science Publishers B V North,1,7,78,KTanaka
79,79,AkihiroDoi KazutoshiSumiya KuniakiUehara TomoakiKawaguchi,ScoopCast: Dynamic Video Production and Delivery from Indexed Live Video Stream ,ICSC International Computing Science Conferences,1,8,79,KTanaka
80,80,KeishiTajima SujeetPradhan,A Query Model for Retrieving Relevant Intervals within a Video Stream ,ICMCS International Conference Multimedia Computing and Systems,1,79,80,KTanaka
81,81,SGhosh YKambayashi ,"FOUNDATIONS OF DATA ORGANIZATION,",Plenum Press,1,9,81,KTanaka
82,82,SKitamura STsuji KTanaka,"Visibility and Controllability in an Oriental Medicine Expert System,",Proc of the th IEEE Annual Int Computer Software Applications Conf,1,40,82,KTanaka
83,83,HidenariKiyomitsu,Navigation-Dependent Web-Views: Defining and Controlling Semantic Unit of Web Pages ,ICSC International Computing Science Conferences,1,41,83,KTanaka
84,84,SKobayashi TSakanoue KTanaka,"Uncertainty Management in Object-Oriented Database Systems,",Proc Int Conf Database and Expert Systems Applications DEXA Springer Verlag,1,42,84,KTanaka
85,85,KengoKoiso KenjiKawakatsu TakehisaMori,Dynamic Generation of Virtual Spaces and Incremental Query Formulation Using Spatial Browsing ,DEXA Database and Expert Systems Applications Workshop,1,43,85,KTanaka
86,86,KengoKoiso TakahiroMatsumoto,Spatial Presentation and Aggregation of Georeferenced Data ,DASFAA Database Systems for Advanced Applications,1,44,86,KTanaka
87,87,HiroyukiKondo TakeshiMatsukura YoichiHirata,Discovery of Semantic Relationships among Web Pages Based on Web Topic Structures ,DS Discovery Science,1,45,87,KTanaka
88,88,ChiyakoMatsumoto MaQiang,A Localness-Filter for Searched Web Pages ,APWeb,1,46,88,KTanaka
89,89,ChiyakoMatsumoto MaQiang,Web Information Retrieval Based on the Localness Degree ,DEXA Database and Expert Systems Applications,1,47,89,KTanaka
90,90,KeishiTajima SujeetPradhan,A Query Model to Synthesize Answer Intervals from Indexed Video Units ,IEEE Trans Knowl Data Eng,1,80,90,KTanaka
91,91,AkiyoNadamoto HiroyukiKondo KazutoshiSumiya MachikoKusahara TaekoHattori,Back to the TV: Information Visualization Interfaces based on TV-Program Metaphors ,IEEE International Conference Multimedia and Expo III,1,48,91,KTanaka
92,92,KeishiTajima SujeetPradhan TakashiSogo,A New Algebraic Approach to Retrieve Meaningful Video Intervals from Fragmentarily Indexed Video Shots ,VDB Visual Database Systems,1,81,92,KTanaka
93,93,AkiyoNadamoto,A comparative web browser CWB for browsing and comparing web pages ,WWW World Wide Web Conference Series,1,49,93,KTanaka
94,94,KeishiTajima,New Techniques for the Discovery of Logical Documents in Web ,DANTE Delivery of Advanced Network Technology to Europe,1,82,94,KTanaka
95,95,KeishiTajima SujeetPradhan,Utilizing Prototype Objects and Powerdomains to Support Public Authoring of Video Databases ,CODAS The Second International Symposium Cooperative Database Systems for Advanced Applications,1,83,95,KTanaka
96,96,AtsunoriTakeuchi HidenariKiyomitsu,Web Reconfiguration by Spatio-Temporal Page Personalization Rules Based on Access ,SAINT Symposium Applications and the Internet,1,84,96,KTanaka
97,97,SNishio Kindai Kagakusha ,"Object-Oriented Computing I in japanese ,",,1,85,97,KTanaka
98,98,KTanaka,"Fundamental Concepts of Object-Oriented Databases in Japanese ,",Information Processing IPSJ,1,86,98,KTanaka
99,99,KTanaka,"A Historical Database Model Based on Tuple Sequences and Its Integrity Constraints in Japanese ,",Information Processing of IPSJ Selected the IPSJ th Anniversary Paper,1,87,99,KTanaka
100,100,KTanaka,"Integration of Hypermedia and Object-Oriented Database Technologies, in Japanese ,",Proc Int Symp Computer World,1,88,100,KTanaka
101,101,KTanaka,"Storing and Manipulating Multimedia Database Objects by PostScript and Relational Databases,",Proc Int Symp Interoperable Information Systems INTAP Tokyo,1,89,101,KTanaka
102,102,SGinsburg KTanaka,"Computation-tuple Sequences and Object Histories,",ACM Trans Database Systems,1,10,102,KTanaka
103,103,SGinsburg KTanaka,"Computation-tuple Sequences and Object Histories: Extended Abstract,",Proc Int Conf Foundations of Data Organization Kyoto Plenum Press,1,11,103,KTanaka
104,104,SeymourGinsburg,Interval Queries on Object Histories ,Theor Comput Sci,1,12,104,KTanaka
105,105,ShuzoYajima YahikoKambayashi,A Relational Data Language with Simplified Binary Relation Handling Capability ,VLDB Very Large Data Bases,1,100,105,KTanaka
106,106,SGinsburg KTanaka,"Interval Queries on Object Histories: Extended Abstract,",Proc th Int Conf Very Large Data Bases,1,13,106,KTanaka
107,107,KazuyaYoda KeishiTajima,Access control and authorization for CG data with multiple detail levels ,Systems and Computers,1,101,107,KTanaka
108,108,Hans J ouml rgSchek MTamer Ouml zsu YanchunZhang,Special Issue on The nd Web Information Systems Engineering Conference WISE' ,World Wide Web,1,14,108,KTanaka
109,109,MasatoshiYoshikawa RichardHull,"Behavior Analysis of Object-Oriented Databases: Method Structure, Execution Trees, and Reachability Extended Abstract ",FODO Conference Foundations of Data Organization and Algorithms,1,102,109,KTanaka
110,110,CraigHarris EarlDSaberdoti Fran ccedil oisBancilhon MichaelKifer MichaelLBrodie YoshifumiMasunaga,Next Generation Database Management Systems Technology Panel ,DOOD Deductive and Object Oriented Databases,1,15,110,KTanaka
111,111,MakotoTakizawa NaokazuNemoto,Quality-based synchronization methods of multimedia objects ,Inf Sci,2,30,111,KTanaka
112,112,KeijiIzaki MakotoTakizawa,Information Flow Control among Objects in Role-Based Access Control Model ,DEXA Database and Expert Systems Applications,2,31,112,KTanaka
113,113,HiroakiHigaki MakotoTakizawa,Object-Based Ordered Delivery of Messages in Object-Based Systems ,DEXA Database and Expert Systems Applications,2,32,113,KTanaka
114,114,MakotoTakizawa,Protocol for Taking Object-Based Checkpoints ,DEXA Database and Expert Systems Applications,2,33,114,KTanaka
115,115,MakotoTakizawa,Quorum-Based Locking Protocol in Nested Invocations of Methods ,DEXA Database and Expert Systems Applications,2,34,115,KTanaka
116,116,MakotoTakizawa NaokazuNemoto,Quality-Based Synchronization Methods of Multimedia Objects ,DEXA Database and Expert Systems Applications,2,35,116,KTanaka
117,117,HiroakiHigaki MakotoTakizawa,Significant Checkpoint in Distributed System ,DEXA Database and Expert Systems Applications,2,36,117,KTanaka
118,118,MamoruMitsuishi TakaakiNagao YasuyoshiYokokohji,Remote Rapid Manufacturing with Action Media as an Advanced User Interface ,ICRA International Conference Robotics and Automation,2,37,118,KTanaka
119,119,KeijiIzaki MakotoTakizawa,Access Control Model in Object-Oriented Systems ,DBSec,2,1,119,KTanaka
120,120,MakotoTakizawa,Quorum-Based Replication of Objects ,DEXA Database and Expert Systems Applications Workshop,2,2,120,KTanaka
121,121,HiroakiHigaki MakotoTakizawa,Protocol for Pseudo-Active Replication in Wide-Area Networks ,DEXA Database and Expert Systems Applications Workshop,2,3,121,KTanaka
122,122,MakotoTakizawa MotokazuYokoyama,QoS-Based Method for Compensating Multimedia Objects ,DEXA Database and Expert Systems Applications Workshop,2,4,122,KTanaka
123,123,KeijiIzaki MakotoTakizawa,Authorization Model Based on Object-Oriented Concept ,ICOIN International Conference Information Networking,2,5,123,KTanaka
124,124,MakotoTakizawa,Replica Management in Object-Based Systems ,ICOIN International Conference Information Networking,2,6,124,KTanaka
125,125,KeijirouArai MakotoTakizawa,Group Protocol for Delivering Requests to Replicas ,ICOIN International Conference Information Networking,2,7,125,KTanaka
126,126,KenichiShimamura MakotoTakizawa,Object-Causally Ordered Group Protocol for Distributed Multimedia Systems ,ICOIN International Conference Information Networking,2,8,126,KTanaka
127,127,MakotoTakizawa YouheiTimura,Causality of Messages in Object-Based Systems ,ICOIN International Conference Information Networking,2,9,127,KTanaka
128,128,HiroakiHigaki MakotoTakizawa,Protocol for Pseudo-Active Replication in Wide-Area Network ,ICPP International Conference Parallel Processing Workshops,2,10,128,KTanaka
129,129,HiroakiHigaki MakotoTakizawa,Checkpoints in Distributed Object-Based Systems ,ICPP International Conference Parallel Processing Workshops,2,11,129,KTanaka
130,130,HiroakiHigaki MakotoTakizawa,Quorum-Based Protocol for Group Communication ,ICPP International Conference Parallel Processing Workshops,2,12,130,KTanaka
131,131,HiroakiHigaki MakotoTakizawa MichiakiKatsumoto,Quality-Based Lock Modes of Multimedia Objects ,ICPP International Conference Parallel Processing Workshops,2,13,131,KTanaka
132,132,MakotoTakizawa,Quorum-Based Locking Protocol for Replicas in Object-Based Systems ,ISADS International Symposium Autonomous Decentralized Systems,2,14,132,KTanaka
133,133,MakotoTakizawa,Asynchronous Checkpointing Protocol for Object-Based Systems ,ISORC IEEE International symposium Object Oriented Real Time Distributed Computing,2,15,133,KTanaka
134,134,MakotoTakizawa YouheiTimura,Group Protocol for Object-Based Systems ,ISORC IEEE International symposium Object Oriented Real Time Distributed Computing,2,16,134,KTanaka
135,135,HiroakiHigaki MakotoTakizawa NaokazuNemoto,Pseudo-Active Replication Protocol for Reliable Replica Group ,ICDCS International Conference Distributed Computing Systems Workshop Group Communications and Computations,2,17,135,KTanaka
136,136,KenichiShimamura MakotoTakizawa,Group Protocol for Exchanging Multimedia Objects in a Group ,ICDCS International Conference Distributed Computing Systems Workshop Group Communications and Computations,2,18,136,KTanaka
137,137,MakotoTakizawa YouheiTimura,Group Communication Protocol in Object-Based Systems ,ICDCS International Conference Distributed Computing Systems Workshop Group Communications and Computations,2,19,137,KTanaka
138,138,KeijiIzaki MakotoTakizawa,Information Flow Control in Role-Based Model for Distributed Objects ,ICPADS International Conference Parallel and Distributed Systems,2,20,138,KTanaka
139,139,MakotoTakizawa,Checkpointing Protocol for Object-Based Systems ,ICPADS International Conference Parallel and Distributed Systems,2,21,139,KTanaka
140,140,MakotoTakizawa,Optimization of Nested Invocation on Replicas in Object-Based Systems ,ICPADS International Conference Parallel and Distributed Systems,2,22,140,KTanaka
141,141,MakotoTakizawa,Distributed checkpointing based on influential messages ,ICPADS International Conference Parallel and Distributed Systems,2,23,141,KTanaka
142,142,KeijirouArai MakotoTakizawa,Group Protocol for Quorum-Based Replication ,ICPADS International Conference Parallel and Distributed Systems,2,24,142,KTanaka
143,143,MakotoTakizawa MotokazuYokoyama,QoS-Based Method for Compensating Multimedia Objects ,ICPADS International Conference Parallel and Distributed Systems,2,25,143,KTanaka
144,144,MakotoTakizawa YouheiTimura,Causal Precedent Relations among Messages in Object-Based Systems ,ICPADS International Conference Parallel and Distributed Systems,2,26,144,KTanaka
145,145,MakotoTakizawa,Reliable Nested Invocation of Methods in Distributed Object-Based Systems ,DOA International Symposium Distributed Objects and Applications,2,27,145,KTanaka
146,146,HiroakiHigaki MakotoTakizawa,Pseudo-Active Replication of Distributed Objects in Wide-Area Networks ,DOA International Symposium Distributed Objects and Applications,2,28,146,KTanaka
147,147,HiroakiHigaki MakotoTakizawa,Quorum-based Locking Protocol for Replicated Objects ,DOA International Symposium Distributed Objects and Applications,2,29,147,KTanaka
148,148,MasaharuMizumoto MotohideUmano,Implementation of a Fuzzy-Set Theoretic Data Structure System Abstract ,VLDB Very Large Data Bases,3,1,148,KTanaka
149,149,Jun ichiToyoda MasaharuMizumoto,Some Considerations on Fuzzy Automata ,J Comput Syst Sci,3,2,149,KTanaka
150,150,Jun ichiToyoda MasaharuMizumoto YoshinoriEzawa,Interactive Languages ,J Comput Syst Sci,3,3,150,KTanaka
151,151,MasaharuMizumoto,Some Properties of Fuzzy Sets of Type ,Information and Control,3,4,151,KTanaka
152,152,MasaharuMizumoto,Fuzzy Sets and Their Operations,Information and Control,3,5,152,KTanaka
153,153,Jun ichiToyoda TTsuji,Relational Data Graphs and Some Properties of Them ,J Comput Syst Sci,3,6,153,KTanaka
154,154,Jun ichiToyoda MasaharuMizumoto,Various Kinds of Automata with Weights ,J Comput Syst Sci,3,7,154,KTanaka
155,155,KazuyukiTanaka TohruMorita KazuoHiroike,Correlation Functions of a One-Dimensional Lattice Gas with Interactions up to Third-Nearest Neighbors ,Progress of Theoretical Physics Supplement,4,30,155,KTanaka
156,156,KazuyukiTanaka TsuyoshiHoriguchi TohruMorita,Critical Indices for the Two-Dimensional Ising Model with Nearest-Neighbor and Next-Nearest-Neighbor Interactions ,Physics Letters A,4,31,156,KTanaka
157,157,KazuyukiTanaka TsuyoshiHoriguchi TohruMorita,Critical Indices for the Two-Dimensional Ising Model with Nearest-Neighbor and Next-Nearest-Neighbor Interactions II Strip Cluster Approximation ,Physica A,4,32,157,KTanaka
158,158,KazuyukiTanaka TohruMorita,Free Energy for Layered Free Fermion Models ,Journal of The Physical Society of,4,33,158,KTanaka
159,159,KazuyukiTanaka TsuyoshiHoriguchi,"Quantum Statistical-Mechanical Iterative Method in Image Restoration,",IEICE Transactions A J A Japanese translated Electronics and Communications Part Fundamental Electronic Science English,4,34,159,KTanaka
160,160,KazuyukiTanaka Jun ichiInoue DMTitterington,"Loopy belief propagation and probabilistic image processing,",Neural Networks for Signal Processing XIII Proceedings of the IEEE Signal Processing Society Workshop Toulouse Paper Postscript Presentation Slide Powerpoint,4,35,160,KTanaka
161,161,KazuyukiTanaka,"Image Restorations by using Compound Gauss-Markov Random Field Model with Quantumized Line Fields,",IEICE Transactions D II J D II Japanese,4,36,161,KTanaka
162,162,KazuyukiTanaka Jun ichiInoue,"Maximum Likelihood Hyperparameter Estimation for Solvable Markov Random Field Model in Image Restoration,",IEICE Transactions Information and Systems E D,4,37,162,KTanaka
163,163,KazuyukiTanaka,"Maximum Marginal Likelihood Estimation and Constrained Optimization in Image Restoration,",Transactions of Japanese Society for Artificial Intelligence,4,38,163,KTanaka
164,164,KazuyukiTanaka,"Maximum Posterior Marginal Estimate in Statistical Method for Image Restoration,",IEICE Transactions A J A Japanese,4,39,164,KTanaka
165,165,KazuyukiTanaka TohruMorita,"Application of cluster variation method to image restoration problem,",Theory and Applications of the Cluster Variation and Path Probability Methods ed J L Mor an L opez and J M Sanchez Plenum Press New Proceedings of the international workshop the theory and applications of the cluster variation and path probability methods Teotihuacan,4,40,165,KTanaka
166,166,KazuyukiTanaka YositakeTakane HiromichiEbisawa TohruMorita,Application of Cluster Variation Method to Three-Dimensional $t$-$J$ Model ,Journal of the Physical Society of,4,41,166,KTanaka
167,167,KazuyukiTanaka TohruMorita,Application of the culster variation method to three-dimensional $t$-$J$ model II ,Journal of the Korean Physical Society Supplementary Issue Proceedings of workshop statistical physics S S Korea University Krea,4,42,167,KTanaka
168,168,KazuyukiTanaka,"Approximate Optimization Algorithms in Markov Random Field Model based on Statistical-mechanical techniques,",Proceedings of International Workshop Soft Computing Industry Muroran Institute of Technology Press Muroran,4,43,168,KTanaka
169,169,KazuyukiTanaka,"Probabilistic Computational Method in Image Restoration based on Statistical-mechanical Texhniques,",Y Suzuki S Ovaska T Furuhashi R and Y Dote Eds Soft Computing Industrial Applications Springer Verlag Press London Proceedings of th line World Conference Soft Computing Industrial Applications,4,44,169,KTanaka
170,170,KazuyukiTanaka Jun ichiInoue DMTitterington,"Probabilistic image processing by means of Bethe approximation for Q-Ising model,",Journal of Physics A Mathematical and General,4,45,170,KTanaka
171,171,KazuyukiTanaka,"Probabilistic Inference by means of Cluster Variation Method and Linear Response Theory,",IEICE Transactions Information and Systems E D,4,46,171,KTanaka
172,172,KazuyukiTanaka TsuyoshiHoriguchi,"Probabilistic, Iterated and Quantum-Iterated Computational Methods in Gray-Level Image Restration,",Interdisciplinary Information Sciences Postscript,4,47,172,KTanaka
173,173,KazuyukiTanaka TsuyoshiHoriguchi,"Solvable Markov Random Field Model in Color Image Restoration,",Physical Review E Article Postscript,4,48,173,KTanaka
174,174,KazuyukiTanaka TohruMorita KazuoHIROIKE,Spin Pair Correlation Function of the Ising Model on the Brickwork Lattice with Second Neighbor Interactions ,Physica A,4,49,174,KTanaka
175,175,MakotoKikuchi,On Formalization of Model-Theoretic Proofs of G&ouml;del's Theorems ,Notre Dame Journal of Formal Logic,4,10,175,KTanaka
176,176,TohruMorita KazuyukiTanaka,Cluster ZTP in the Recovery of an Image ,Pattern Recognition Letters,4,11,176,KTanaka
177,177,TohruMorita KazuyukiTanaka,Diagrammatical Techniques for Two-Dimensional Ising models III Ising Model to Vertex Model ,Journal of the Physical Society of,4,12,177,KTanaka
178,178,TohruMorita KazuyukiTanaka,Determination of Parameters in an Image Recovery by Statistical-mechanical Means ,Physica A,4,13,178,KTanaka
179,179,TohruMorita KazuyukiTanaka,Generalized Heisenberg model of spin $S$ Greater than $ / $ equivalent to those of spin $ / $ or $ $ ,Journal of the Korean Physical Society Supplementary Issue Proceedings of workshop statistical physics S S Korea University Krea,4,14,179,KTanaka
180,180,TohruMorita KazuyukiTanaka,Generalized Heisenberg Model of Spin $S$ Greater than $ / $ Equivalent to that of Spin $ / $ ,Journal of the Physical Society of,4,15,180,KTanaka
181,181,TohruMorita KazuyukiTanaka,Generalized $t$-$J$ Model with General Half-odd-integral Spin $S$ ,Physics Letters A,4,16,181,KTanaka
182,182,TohruMorita KazuyukiTanaka,A Lattice Model of Flux Lines ,Physics Letters A see also Physics Letters A p,4,17,182,KTanaka
183,183,KazuyukiTanaka,"Staistical-mechanical Iterative Algorithm by means of Cluster Variation Method in Compound Gauss-Markov Random Field Model,",Transactions of Japanese Society for Artificial Intelligence,4,50,183,KTanaka
184,184,TohruMorita KazuyukiTanaka KazuoHiroike,One-Dimension Binary Mixture of Hard Rods with Non-Additive Distances of Contact ,Molecular Physics,4,18,184,KTanaka
185,185,KazuyukiTanaka MikakoIchioka TohruMorita,"Statistical-Mechanical Algorithm in MRF Model based on Variational Principle,",Proceedings of the th international conference Pattern Recognition II Track B Pattern Recognition and Signal Analysis IEEE Computer Society Press Los Alamos Carifornia File,4,51,185,KTanaka
186,186,YasuoMurai KazuyukiTanaka TohruMorita,Numerical Study of D ANNNI model in the Cluster Variation Method ,Physica A,4,19,186,KTanaka
187,187,KazuyukiTanaka TohruMorita,"Statistical-mechanical Study of the Image Restoration based on the Markov Random Field Model,",Proceedings of international Workshop Soft Computing Industory Muroran Institute of Technology Press Muroran,4,52,187,KTanaka
188,188,KazuyukiTanaka TohruMorita,"Statistical-Mechanical Iterative Algorithm for Image Restoration of a Gray Level Image,",IEICE Transactions A J A Japanese,4,53,188,KTanaka
189,189,KazuyukiTanaka MikakoIchioka TohruMorita,"Statistical-Mechanical Iterative Method in Image Restoration,",IEICE Transactions A J A Japanese,4,54,189,KTanaka
190,190,KazuyukiTanaka TohruMorita,Asymptotic Behavior of Spin-Pair Correlation Function of Ising Model on Checkerboard Lattice ,Progress of Theoretical Physics,4,55,190,KTanaka
191,191,KazuyukiTanaka TohruMorita,Asymptotic Behavior of Spin-Pair Correlation Function of Ising Model on Generalized Kagom\'{e} Lattice ,Journal of the Physical Society of,4,56,191,KTanaka
192,192,KazuyukiTanaka TohruMorita,Asymptotic Behaviors of Modified Block Toeplitz Determinant ,Progress of Theoretical Physics,4,57,192,KTanaka
193,193,KazuyukiTanaka TohruMorita,Asymptotic Forms of Some Block Toeplitz Determinants ,Progress of Thoeretical Physics,4,58,193,KTanaka
194,194,KazuyukiTanaka YositakeTakane HiromichiEbisawa TohruMorita,"Three-dimensional $t$-$J$ model and cluster variation method Physica B, - - ", Proceedings of XX International Conference Low Temperature Physics University,4,59,194,KTanaka
195,195,NaokiShioji,Fixed Point Theory in Weak Second-Order Arithmetic ,Ann Pure Appl Logic,4,20,195,KTanaka
196,196,StephenGSimpson TakeshiYamazaki,Some conservation results on week K&ouml;nig's lemma ,Ann Pure Appl Logic,4,21,196,KTanaka
197,197,KazuyukiTanaka TsuyoshiHoriguchi TohruMorita,Coherent-Anomaly Analysis with Cluster Variation Method for Spin-Pair Correlation Function of Ising Model ,Journal of The Physical Society of,4,22,197,KTanaka
198,198,KazuyukiTanaka TsuyoshiHoriguchi TohruMorita,Coherent-Anomaly Analysis with Cluster Variation Method for Two-dimensional Ising Model with Nearest-Neighbor and Next-Nearest-Neighbor Interactions ,Progress of Theoretical Physics Supplement,4,23,198,KTanaka
199,199,KazuyukiTanaka NorihiroHoshi TsuyoshiHoriguchi,"Color Image Compression Algorithm Using Self-Organizing Feature Map, Interdisciplinary",Information Sciences Postscript Compressed Postscript,4,24,199,KTanaka
200,200,KazuyukiTanaka HiromichiEbisawa TohruMorita,"Cluster variation method for two-dimensional Hubbard and $t$-$J$ models Physica C, - , PT - ", Proceedings of conference Marerials Mechanisms of Superconductivity High Temperature Superconductors IV MMS HTSC IV,4,25,200,KTanaka
201,201,KazuyukiTanaka TohruMorita,Cluster Variation Method and Image Restoration Problem ,Physics Letters A,4,26,201,KTanaka
202,202,KazuyukiTanaka DaikiFurusato TsuyoshiHoriguchi,"Coupled Markov Random Field Models with Phases as Line Field and Region Field,",IEICE Transactions D II J D II Japanese translated Systems and Computers English,4,27,202,KTanaka
203,203,KazuyukiTanaka,"Theoretical Study of Hyperparameter Estimation by Maximization of Marginal Likelihood in Image Restoration by means of Cluster Variation Method,",IEICE Transactions A J A Japanese translated Electronics and Communications Part Fundamental Electronic Science English,4,60,203,KTanaka
204,204,KazuyukiTanaka TohruMorita,"Correlated Random Field Ising Model and Image Restoration Problem,",edited by M Suzuki and N Kawashima World Scientific Publishing Coporation Press Proceedings of International Symposium Coferent Approaches to Fluctuations Kyoto,4,28,204,KTanaka
205,205,KazuyukiTanaka,Automatic Hyperparameter Estimation in Probabilistic Image Restoration Algorithm based on Gibbs Microcanonical Distribution ,IEICE Transactions D II J D II to be translated Systems and Computers,4,61,205,KTanaka
206,206,KazuyukiTanaka TohruMorita KazuoHiroike,Correlation Functions of a One-Dimensional Lattice Gas with Nearest-Neighbor and Next-Nearest-Neighbor Interactions ,Progress of Theoretical Physics,4,29,206,KTanaka
207,207,,Weak Axioms of Determinacy and Subsystems of Analysis II Sigma Games ,Ann Pure Appl Logic,4,1,207,KTanaka
208,208,TakeshiYamazaki,A Non-Standard Construction of Haar Measure and Weak K&ouml;nig's Lemma ,J Symb Log,4,62,208,KTanaka
209,209,,Non standard Analysis in WKLo ,Math Log Q,4,2,209,KTanaka
210,210,,The Self-Embedding Theorem of WKL and a Non-Standard Method ,Ann Pure Appl Logic,4,3,210,KTanaka
211,211,YasushiHonda KazuyukiTanaka TsuyoshiHoriguchi,Critical Behavior of a Frustrated Spin- Ising Model ,Physical Review B,4,4,211,KTanaka
212,212,TsuyoshiHoriguchi KazuyukiTanaka TohruMorita,Coherent-Anomaly Method for the Wave-Number Dependence of the Susceptibility ,Journal of The Physical Society of,4,5,212,KTanaka
213,213,TsuyoshiHoriguchi KazuyukiTanaka TohruMorita,Low-Temperature Behavior of Antiferromagnetic Ising Model on Triangular Lattice ,Journal of The Physical Society of,4,6,213,KTanaka
214,214,Jun ichiInoue KazuyukiTanaka,"Dynamical properties of image restoration and hyper-parameter estimation, Neural Networks for Signal Processing XI", Proceedings of the IEEE Signal Processing Society Workshop,4,7,214,KTanaka
215,215,Jun ichiInoue KazuyukiTanaka,"Dynamics of the maximum likelihood hyper-parameter estimation in image restoration: Gradient descent versus expectation and maximization algorithm,",Physical Review E Article Postscript,4,8,215,KTanaka
216,216,Jun ichiInoue KazuyukiTanaka,"Mean Field Theory of EM Algorithm for Bayesian Gray Scale Image Restoration,",Journal of Physics A Mathematical and General,4,9,216,KTanaka
217,217,TetsuroNishino RobertBeals,Negation-Limited Circuit Complexity of Symmetric Functions,Information Processing Letters,5,10,217,KTanaka
218,218,TetsuroNishino,On the complexity of negation-limited Boolean networks ,STOC ACM Symposium Theory of Computing,5,11,218,KTanaka
219,219,TetsuroNishino,"On the Complexity of Negation-Limited Boolean Networks Symposium on Theory of Computing, pages - , Montréal, Québec, Canada, May ",,5,12,219,KTanaka
220,220,TetsuroNishino,On the Negation-Limited Circuit Complexity of Clique Functions,IEICE Transactions Information and Systems E D,5,13,220,KTanaka
221,221,TetsuroNishino,A Relationship Between the Number of Negations and the Circuit Size,IEICE Transactions Information and Systems E D,5,14,221,KTanaka
222,222,MasanoriOkada MilanVlach,Minimizing Total Completion Time in a Flow Shop Under a -Idle Constraint,Symposium Operations Research Jena,5,15,222,KTanaka
223,223,TatsuakiOkamoto ShigenoriUchiyama,Quantum Public-Key Cryptosystems,Advances Cryptology CRYPTO Lecture Notes Computer Science pages Santa Barbara,5,16,223,KTanaka
224,224,TatsuakiOkamoto ShigenoriUchiyama,Quantum Public-Key Cryptosystems,ERATO Workshop Quantum Information Science Tokyo poster session refereed,5,17,224,KTanaka
225,225,KeijiOmura,Density Attack to the Knapsack Cryptosystems with Enumerative Source Encoding, IEICE Transactions Fundamentals of Electronics Communications and Computer Sciences,5,18,225,KTanaka
226,226,ShaoChinSung,An exponential gap with the removal of one negation gate ,Inf Process Lett,5,19,226,KTanaka
227,227,Shao ChinSung,Limiting Negations in Bounded-Depth Circuits - An Extension of Markov's Theorem, ISAAC The th Annual International Symposium Algorithms and Computation Kyoto,5,20,227,KTanaka
228,228,Shao ChinSung,Lower Bounds on Negation-Limited Inverters,DMTCS CATS The Discrete Mathematics and Theoretical Computer Science Conference and The th Australasian Theory Symposium pages Auckland New Zealand,5,21,228,KTanaka
229,229,Shao ChinSung,An Exponential Gap with the Removal of One Negation Gate,Information Processing Letters,5,22,229,KTanaka
230,230,ShigenoriUchiyama TatsuakiOkamoto,Quantum Public-Key Cryptosystems ,CRYPTO International Crytology Conference,5,23,230,KTanaka
231,231,MilanVlach,Single Machine Scheduling with Positional Due and Release Dates,International Symposium Mathematical Programming Lausanne,5,24,231,KTanaka
232,232,MilanVlach,Minimizing the Maximum Absolute Lateness and Range of Lateness under Generalized Due Dates on a Single Machine,Annals of Operations Research,5,25,232,KTanaka
233,233,MilanVlach,Minimizing the Range of Lateness on a Single Machine under Generalized Due Dates,Information Systems and Operational Research,5,26,233,KTanaka
234,234,MilanVlach,Improved Algorithms for Single Machine Scheduling with Fuzzy Due Dates,Proceedings of the Second International Symposium Operations Research and its Applications pages Guilin,5,27,234,KTanaka
235,235,MilanVlach,Single Machine Scheduling with Fuzzy Due Dates,Proceedings of the th International Fuzzy Systems Association World Congress volume pages Prague Czech,5,28,235,KTanaka
236,236,MilanVlach,Single Machine Scheduling with Generalized Due Dates,Symposium Combinatorial Optimization London,5,29,236,KTanaka
237,237,MilanVlach,Single Machine Scheduling with Positional Due Dates and Positional Release Times,International Conference Optimization and Optimal Control Lambrecht,5,30,237,KTanaka
238,238,MilanVlach,Single Machine Scheduling to Minimize the Maximum Lateness with Both Specific and Generalized Due Dates,IEICE Transactions Fundamentals of Electronics Communications and Computer Sciences E A,5,31,238,KTanaka
239,239,MilanVlach,Single Machine Scheduling to Minimize the Maximum Lateness with Both Specific and Generalized Due Dates,Proceedings of the Second International Symposium Operations Research and its Applications pages Guilin,5,32,239,KTanaka
240,240,,Quantum Bit-Commitment for Small Storage Based on Quantum One-Way Permutations,New Generation Computing,5,1,240,KTanaka
241,241,RobertBeals TetsuroNishino,More on the Complexity of Negation-Limited Circuits,Proceedings of the th Annual ACM Symposium Theory of Computing pages Las Vegas,5,2,241,KTanaka
242,242,RobertBeals TetsuroNishino,Negation-Limited Circuit Complexity of Symmetric Functions ,Inf Process Lett,5,3,242,KTanaka
243,243,RobertBeals TetsuroNishino,On the Complexity of Negation-Limited Boolean Networks,SIAM Society for Industrial and Applied Mathematics Journal Computing,5,4,243,KTanaka
244,244,Magnü¾˜–˜¼sMHalldü¾Œ¶˜¼rsson,Approximation and Special Cases of Common Subtrees and Editing Distance,Proceedings of the th International Symposium Algorithms and Computation Lecture Notes Computer Science pages Osaka,5,5,244,KTanaka
245,245,RyotaroHayashi Tatsuaki,An RSA Family of Trap-door Permutations with a Common Domain and its Applications, PKC The th International Workshop Practice and Theory Public Key Cryptography,5,6,245,KTanaka
246,246,ToshiyukiIsshiki,An Efficient Anonymous Group Identification Scheme with Human Memorizable Secret Keys, WISICT The Winter International Symposium Information and Communication Technologies Cancun,5,7,246,KTanaka
247,247,ToshiyukiIsshiki,An Efficient Anonymous Group Identification Scheme with Short Secret Keys, IEICE Transactions Fundamentals of Electronics Communications and Computer Sciences,5,8,247,KTanaka
248,248,Magn uacute sMHalld oacute rsson,Approximation and Special Cases of Common Subtrees and Editing Distance ,ISAAC International Symposium Algorithms and Computation,5,9,248,KTanaka
249,249,EHernanAguirre KiyoshiTanaka TatsuoSugimura,Accelerated Image Halftoning Technique Using Improved Genetic Algorithm, IEICE Trans Fundamentals E A,6,1,249,KTanaka
250,250,EHernanAguirre KiyoshiTanaka,"Genetic algorithms on NK-landscapes: effec ts of selection, drift, mutation, and recombination", Lecture Note Computer Science Springer,6,2,250,KTanaka
251,251,EHernanAguirre KiyoshiTanaka TatsuoSugimura ShinjiroOshita,Halftone Image Generation with Improved Multiobjective Genetic Algorithm, Lecture Note Computer Science Springer,6,3,251,KTanaka
252,252,EHernanAguirre KiyoshiTanaka TatsuoSugimura,Empirical Model with Coopera tive-Competitive Genetic Operators to Improve GAs: Performance Investigation with Multiple / Knapsack Problem, IP SJ Journal,6,4,252,KTanaka
253,253,EHernanAguirre KiyoshiTanaka ShinjiroOshita,Performance Study of a Di stributed Genetic Algorithm with Parallel Cooperative-Competitive Genetic Operators, IEICE Trans Fundamentals E A,6,5,253,KTanaka
254,254,EHernanAguirre KiyoshiTanaka,Parallel Varying Mutation in Deterministic and Self-Adaptive Gas, Lecture Note Computer Science Springer,6,6,254,KTanaka
255,255,EHernanAguirre KiyoshiTanaka TatsuoSugimura ShinjiroOshita,Simultan eous Halftone Image Generation with Improved Multiobjective Genetic Algorithm, IEICE Trans Fundamentals E A,6,7,255,KTanaka
256,256,Hern aacute nEAguirre TatsuoSugimura,Cooperative Crossover and Mutation Operators in Genetic Algorithms ,GECCO The Genetic and Evolutionary Computation Conference,6,8,256,KTanaka
257,257,Hern aacute nEAguirre,"Genetic Algorithms on NK-Landscapes: Effects of Selection, Drift, Mutation, and Recombination ",EvoWorkshops,6,9,257,KTanaka
258,258,Hern aacute nEAguirre ShinjiroOshita TatsuoSugimura,Halftone Image Generation with Improved Multiobjective Genetic Algorithm ,EMO Evolutionary Multi Criterion Optimization,6,10,258,KTanaka
259,259,Hern aacute nEAguirre,Parallel Varying Mutation in Deterministic and Self-adaptive GAs ,PPSN Parallel Problem Solving from Nature,6,11,259,KTanaka
260,260,KazuoIchikawa KiichiroFukami KojiHiroshima ManabuIchikawa ShojiKondo ShokoTanabe,Web-Page Color Modification for Barrier-Free Color Vision with Genetic Algorithm ,GECCO The Genetic and Evolutionary Computation Conference,6,12,260,KTanaka
261,261,EKineoMatsui KiyoshiTanaka,Video- Steganography: - How to Secretly Embe d a Signature in a Picture -, Proc Technological Strategies for Protecting Intellectual Property the Networked Multimedia Environment,6,13,261,KTanaka
262,262,EmiMyodo Hern aacute nEAguirre,Improved Image Halftoning Technique Using GAs with Concurrent Inter-block Evaluation ,GECCO The Genetic and Evolutionary Computation Conference,6,14,262,KTanaka
263,263,EShuichiTakano KiyoshiTanaka TatsuoSugimura,Data Hiding via Steganograph ic Image Transformation, IEICE Trans Fundamentals E A,6,15,263,KTanaka
264,264,EShuichiTakano KiyoshiTanaka TatsuoSugimura,Data Hiding under Fractal Image Generation via Fourier Filtering Method, IEICE Trans Information Systems E D,6,16,264,KTanaka
265,265,EYoshihiroTanigaki KiyoshiTanaka TatsuoSugimura SojiKondo,Color Wat ermarking Based on Color Vision Model, IEICE Trans J D II Japanese,6,17,265,KTanaka
266,266,ETomoyaUmemura HernanAguirre KiyoshiTanaka,Multi-level Image Halftoni ng Technique with Genetic Algorithms, IEICE Trans Fundamentals E A,6,18,266,KTanaka
267,267,EKenjiYano KiyoshiTanaka,Image Encryption Scheme based on a Truncated B aker Transformation, IEICE Trans Fundamentals E A,6,19,267,KTanaka
268,268,HirokazuTaki NorihiroAbe,Understanding of Mechanical Assembly Instruction Manual by Integrating Vision and Language Processing and Simulation ,ICRA International Conference Robotics and Automation,7,1,268,KTanaka
269,269,AkiraYokota HirokazuTaki NorihiroAbe YasuhiroWatanabe YoshimasuKinoshita,"Surface Model Generation by the Relics from Slice Images, and the Approach to the Automatic Restoration ",ICHIM International Conference Hypermedia and Interactivity Museums,7,2,269,KTanaka
270,270,HirokazuTaki NorihiroAbe,A System for Understanding a Mechanical Assembly Instruction Manual Using Virtual Space ,ISMIS International Syposium Methodologies for Intelligent Systems,7,3,270,KTanaka
271,271,AkiraYokota HirokazuTaki NorihiroAbe YasuhiroWatanabe YoshimasuKinoshita,Measurement of fragments with MRI and relic restoration using virtual reality technologies ,Systems and Computers,7,4,271,KTanaka
272,272,JiangYuZheng NorihiroAbe TetsuoOhtsuka,Multiple visual feature identification and integration for D recovery of rotating objects ,Systems and Computers,7,5,272,KTanaka
273,273,DavidNiemann HuaOWang JingLi,Dynamic parallel distributed compensation for Takagi-Sugeno fuzzy systems: An LMI approach ,Inf Sci,8,4,273,KTanaka
274,274,HidetsuguAbe MasahiroSasaki Shin ichiSasaki TohruYamasaki YoshihiroKudo,A convenient notation system for organic structure on the basis of connectivity stack ,Journal of Chemical Information and Computer Sciences,8,5,274,KTanaka
275,275,KazunariKubota,Memory-Based Learner Model and its Application to a Game Coach ,ECAI European Conference Artificial Intelligence,8,1,275,KTanaka
276,276,,Advanced Fuzzy Control of a Trailer Type Mobile Robot - Stability Analysis and Model-Based Fuzzy Control ,ICTAI International Conference Tools with Artificial Intelligence,8,2,276,KTanaka
277,277,HuaOWang TsuyoshiHori,A Dual Design Problem via Multiple Lyapunov Functions ,FUZZ IEEE,8,3,277,KTanaka
278,278,ScottEHudson,Providing visually rich resizable images for user interface components ,UIST User Interface Software and Technology,9,1,278,KTanaka
279,279,JeremyMHeiner ScottEHudson,Linking and Messaging from Real Paper in the Paper PDA ,ACM Symposium User Interface Software and Technology,9,2,279,KTanaka
280,280,JeremyMHeiner ScottEHudson,The Information Percolator: Ambient Information Display in a Decorative Object ,ACM Symposium User Interface Software and Technology,9,3,280,KTanaka
